timestamp,open,high,low,close,volume
2024-01-01 00:00:00+00:00,2053.513018902902,2054.3489197305844,2049.575884235174,2052.447988486172,466.39584021306484
2024-01-01 01:00:00+00:00,2051.536794558427,2056.2096019607457,2050.3933062052674,2052.2909235202906,159.40885972621743
2024-01-01 02:00:00+00:00,2054.2410380624265,2058.236730963798,2055.2396060766596,2055.3621680830624,413.9384805725314
2024-01-01 03:00:00+00:00,2062.0401978599607,2063.205704522695,2060.7108240727994,2062.044836714948,199.89828891218335
2024-01-01 04:00:00+00:00,2061.2577609304885,2062.832944606356,2060.0522688516107,2061.4916503827276,827.4116890083
2024-01-01 05:00:00+00:00,2060.3159633144232,2061.9426156717464,2060.1277308753943,2060.9386801262744,952.9192233680237
2024-01-01 06:00:00+00:00,2068.8318517775433,2069.0968198282076,2066.0206802851635,2067.8718251228997,165.08482773214473
2024-01-01 07:00:00+00:00,2072.7816790713623,2073.252150924003,2070.1466919862005,2071.462426507762,959.6036865625313
2024-01-01 08:00:00+00:00,2070.0542848208256,2070.032723792904,2067.759784255916,2069.932287308588,570.3189394030707
2024-01-01 09:00:00+00:00,2074.6356556450696,2074.31633119999,2071.4847835375926,2072.5941088839404,369.6091101584865
2024-01-01 10:00:00+00:00,2069.5118622267405,2071.6483614242793,2068.359782145608,2071.088221477988,169.17586774854715
2024-01-01 11:00:00+00:00,2069.3066631872653,2069.677829701483,2069.1649112472137,2069.5738582234803,550.561841263376
2024-01-01 12:00:00+00:00,2070.0000869162686,2071.48463367552,2066.6919306667014,2070.989774713772,815.0639900416738
2024-01-01 13:00:00+00:00,2060.9250840865043,2065.3655584313137,2062.0706732369495,2063.4928073424853,736.3778295400283
2024-01-01 14:00:00+00:00,2056.684308118855,2057.9839816818467,2053.227153424913,2056.797679747389,145.20341031757638
2024-01-01 15:00:00+00:00,2054.730109039006,2056.4491458412294,2054.490208502577,2054.8968947569533,165.61165183111316
2024-01-01 16:00:00+00:00,2053.218309919864,2052.1762252071635,2049.812614297563,2051.1487695341293,462.5859543693734
2024-01-01 17:00:00+00:00,2053.7121468557916,2054.8556126492354,2051.8554950265157,2052.848839499404,365.76144464314893
2024-01-01 18:00:00+00:00,2048.134612282948,2049.737601045364,2048.8774534013764,2049.5340161064887,309.1458907504431
2024-01-01 19:00:00+00:00,2046.6885571470114,2045.697803847018,2043.2947831127133,2044.1618469571265,352.9040490178422
2024-01-01 20:00:00+00:00,2052.241970200398,2053.995994903422,2049.5006457034046,2050.57275791204,823.1344689671962
2024-01-01 21:00:00+00:00,2050.852551520849,2051.1709152383314,2048.880878168056,2050.0569958746632,936.3052482686685
2024-01-01 22:00:00+00:00,2050.4343550922454,2052.1028673912,2050.6940506622896,2050.7439956961366,464.5924250748098
2024-01-01 23:00:00+00:00,2044.009509771179,2046.484804088313,2040.9361249176036,2045.3177485041667,915.4999019192473
2024-01-02 00:00:00+00:00,2042.9936784364431,2045.0604689776203,2039.9705125592077,2043.5007483200636,389.34613112309376
2024-01-02 01:00:00+00:00,2045.8468360180068,2048.052805243177,2043.4709671556602,2044.3629711093604,528.7932877094124
2024-01-02 02:00:00+00:00,2042.6333852466234,2043.3905605207933,2039.992729831464,2040.070259597036,303.42609803439973
2024-01-02 03:00:00+00:00,2044.1129792419658,2042.110287981579,2041.7669925174775,2042.0120979387677,676.4284379582596
2024-01-02 04:00:00+00:00,2039.3036757423147,2040.4983264127636,2038.7169433513536,2039.9685006903312,981.083003657328
2024-01-02 05:00:00+00:00,2037.6644796294777,2041.030622472656,2037.1008873272237,2039.1865521718378,643.1437864390408
2024-01-02 06:00:00+00:00,2037.3327684474896,2038.442334796044,2036.6171192324184,2037.1414316403357,422.03267570219396
2024-01-02 07:00:00+00:00,2042.7000107697734,2048.509107249514,2041.6986742695574,2045.1111141038612,683.0357013914755
2024-01-02 08:00:00+00:00,2045.905645776274,2045.6001241985496,2044.6483633772086,2045.4649602858337,210.62861061884882
2024-01-02 09:00:00+00:00,2041.3498897225206,2044.023132908939,2040.22949846279,2041.5507818394935,899.7931722388588
2024-01-02 10:00:00+00:00,2044.6856407726718,2046.6543177816268,2044.3328321658971,2045.3211036342284,552.7755557018527
2024-01-02 11:00:00+00:00,2038.5716842486781,2040.8379969135428,2037.5291687450149,2040.7412684889161,504.4147678356779
2024-01-02 12:00:00+00:00,2042.7014610239787,2043.759245351518,2039.499263020733,2042.0022792984696,627.2783096081673
2024-01-02 13:00:00+00:00,2033.6989925296025,2035.2038326128186,2031.4423288338971,2034.4214845516337,662.3054765104622
2024-01-02 14:00:00+00:00,2027.847477835993,2031.4725221077208,2028.9748116427456,2029.4303209689278,164.59822560386172
2024-01-02 15:00:00+00:00,2026.7472518566417,2031.807054285619,2028.5093220327083,2030.635597119676,714.3554991010622
2024-01-02 16:00:00+00:00,2034.0063830523327,2035.7435283357995,2030.618511563002,2034.0436940650734,317.73851228397666
2024-01-02 17:00:00+00:00,2037.5524730401514,2037.4470641606106,2034.2140462145894,2035.1479435785075,742.5573692559308
2024-01-02 18:00:00+00:00,2037.338119745792,2036.1624475745598,2032.8890450592976,2035.0842514357394,840.281314945777
2024-01-02 19:00:00+00:00,2033.6459865458207,2037.1984239678982,2034.187553628678,2034.265890094663,823.5626567972682
2024-01-02 20:00:00+00:00,2027.8505962827305,2033.6791928139924,2028.314851019941,2028.6650539906957,597.2508706671002
2024-01-02 21:00:00+00:00,2026.7849048022035,2027.7663303080433,2024.3612705475084,2026.1516996317434,568.152903079676
2024-01-02 22:00:00+00:00,2023.3431942832103,2025.8592014634094,2023.37005669516,2024.6908088314742,228.58836520547055
2024-01-02 23:00:00+00:00,2029.7901650068318,2029.7939209587066,2026.1827626801708,2029.381864334634,797.811535362822
2024-01-03 00:00:00+00:00,2032.2205714107724,2031.9370704119242,2028.1840811871873,2031.1832051472727,344.2684424020429
2024-01-03 01:00:00+00:00,2026.0944501429362,2025.6612804275148,2021.6446393929687,2024.4385495321808,547.0258805361518
2024-01-03 02:00:00+00:00,2026.0210565776454,2026.3317862361448,2024.8888539542722,2026.1563417891225,355.84668363476504
2024-01-03 03:00:00+00:00,2024.7264687682148,2025.3166751489803,2024.1999258042965,2025.0014285249224,220.4455266997238
2024-01-03 04:00:00+00:00,2021.4823297641126,2025.028273608052,2021.6669820764948,2022.6662402559562,666.6019272025629
2024-01-03 05:00:00+00:00,2024.4306671724476,2026.0625987693127,2025.0192502965347,2025.5472573279567,148.89883134061344
2024-01-03 06:00:00+00:00,2029.8277074963619,2030.8196079169352,2029.0170358674634,2030.1342291967885,773.78071071358
2024-01-03 07:00:00+00:00,2034.82405198424,2035.1637165079187,2032.9595237974206,2034.3258245591944,385.828115735005
2024-01-03 08:00:00+00:00,2032.5576168961331,2032.3109126372433,2031.268519646963,2031.3204281533904,100.1212237040368
2024-01-03 09:00:00+00:00,2029.383430345851,2031.3489479091709,2028.0894593484436,2030.470651203865,560.0162253135068
2024-01-03 10:00:00+00:00,2034.2450592933803,2033.0243568032633,2031.118025591993,2032.2227421888172,142.1667176748428
2024-01-03 11:00:00+00:00,2036.2308284774153,2037.4563183849107,2035.8441490801863,2036.5989418367424,348.5526020388095
2024-01-03 12:00:00+00:00,2035.0260865213554,2035.644783395208,2033.4846262239587,2035.055075601899,736.2788387101446
2024-01-03 13:00:00+00:00,2033.6928930383149,2038.9292954143864,2028.9105159108458,2034.7064639940043,156.42065945967929
2024-01-03 14:00:00+00:00,2027.3335900922084,2032.3843090421858,2028.2826885024863,2030.6153898129512,855.404643120402
2024-01-03 15:00:00+00:00,2027.3624682702603,2026.8288969727632,2022.643365479145,2026.1683184208252,103.4379303927248
2024-01-03 16:00:00+00:00,2030.866688020957,2032.3078642628034,2029.1338488580766,2029.8695566911292,322.141482281712
2024-01-03 17:00:00+00:00,2035.4083129735088,2036.620884698922,2033.5107159635975,2035.7901288826847,766.8136505368643
2024-01-03 18:00:00+00:00,2035.9950195593015,2040.0535211964575,2033.2682477906649,2035.9040951089466,384.6431347563761
2024-01-03 19:00:00+00:00,2041.1042473933544,2042.459333397197,2038.0338778374244,2040.402431637101,191.70314925941216
2024-01-03 20:00:00+00:00,2040.1597032110917,2046.1078423893741,2041.3319679397214,2042.287148092308,424.21052692038506
2024-01-03 21:00:00+00:00,2039.3422458363914,2040.7788884909298,2039.3548899417535,2040.0617792672401,343.353957746073
2024-01-03 22:00:00+00:00,2043.0264291814224,2041.9828085360791,2041.8493899643286,2041.9451992151155,858.4407119444994
2024-01-03 23:00:00+00:00,2046.9326676293738,2052.080156886622,2047.668443089888,2048.645730743969,382.0131258266288
2024-01-04 00:00:00+00:00,2049.309669305471,2049.5785313766964,2048.751286000612,2048.90868704056,810.0392245984065
2024-01-04 01:00:00+00:00,2053.8822729165345,2056.191874597904,2053.1039602479655,2055.741460556802,902.6849303296613
2024-01-04 02:00:00+00:00,2046.04365837697,2047.1041045855452,2043.3698603236182,2045.407632079703,490.4356776188766
2024-01-04 03:00:00+00:00,2049.133753255824,2053.7134635118973,2048.170646533936,2049.1824438556887,918.9488294689528
2024-01-04 04:00:00+00:00,2047.7418823098903,2050.4321722671343,2046.7582606202227,2049.9491743982635,439.58624856687356
2024-01-04 05:00:00+00:00,2050.7245644044024,2050.713032477601,2048.256161754346,2049.133426841219,967.6705748410974
2024-01-04 06:00:00+00:00,2048.9155620159613,2052.950447122082,2046.8430276908623,2049.919464397068,180.36057207301565
2024-01-04 07:00:00+00:00,2041.0921957400599,2044.531094059171,2040.4590060324274,2042.1953248992993,718.3173398529185
2024-01-04 08:00:00+00:00,2041.9795989509848,2042.3977069970606,2040.9947512861813,2041.7065966489374,544.4326364112358
2024-01-04 09:00:00+00:00,2045.1389132891582,2044.4227012469805,2042.8602956771037,2043.5740296513047,448.8839249100823
2024-01-04 10:00:00+00:00,2048.6449905497325,2051.3305268212293,2049.3739403558434,2050.033302922226,669.4406908737408
2024-01-04 11:00:00+00:00,2048.4033109503443,2052.9701877898055,2044.065241746682,2048.3190842746385,733.4713824708981
2024-01-04 12:00:00+00:00,2046.003437254576,2045.790690368045,2044.637479814142,2045.418697729462,103.92694268527818
2024-01-04 13:00:00+00:00,2044.7202034392333,2044.2831423477544,2042.8969263850759,2043.7758351116966,250.25777987247884
2024-01-04 14:00:00+00:00,2048.171454392307,2048.871300248157,2045.8206120514205,2047.9305610234492,741.7414455708869
2024-01-04 15:00:00+00:00,2049.185890942263,2051.4293344841126,2049.1979760366753,2049.6874191717666,699.7468722203859
2024-01-04 16:00:00+00:00,2046.796531995395,2049.6268945810452,2047.3959286619263,2047.9264279182971,969.4427546158095
2024-01-04 17:00:00+00:00,2050.557577385499,2052.195170521088,2050.0372186037057,2050.4398221533434,784.9340112257047
2024-01-04 18:00:00+00:00,2049.782023968252,2051.394972874434,2051.1013008085656,2051.248172761106,955.6954369582043
2024-01-04 19:00:00+00:00,2051.633482617881,2056.618863636652,2055.5604579228966,2055.636973328496,732.2864513813263
2024-01-04 20:00:00+00:00,2053.760810102608,2054.14668151556,2051.6693154919017,2053.1632577361406,368.24698777549884
2024-01-04 21:00:00+00:00,2053.4653360573902,2052.9133663461716,2052.1220105925113,2052.2286154258186,194.82843002577084
2024-01-04 22:00:00+00:00,2047.799056584111,2053.1580457308314,2049.527353365705,2051.0300201580453,803.641477010442
2024-01-04 23:00:00+00:00,2044.0675207963927,2046.4876296833654,2045.2793182081382,2045.4444194864814,679.7342993283244
2024-01-05 00:00:00+00:00,2047.9105118196794,2047.6179972645987,2046.9045741941766,2047.065545582943,143.3674111539666
2024-01-05 01:00:00+00:00,2051.354200768275,2050.5493278598765,2044.4508844448865,2048.5442870415472,424.0454193108805
2024-01-05 02:00:00+00:00,2049.0033953129873,2049.8853372337508,2047.0974589655393,2048.974991454983,961.1198339358575
2024-01-05 03:00:00+00:00,2047.4293620978442,2049.1964055459007,2047.7137791880248,2048.4235343364307,550.361031139181
2024-01-05 04:00:00+00:00,2042.7926336787796,2044.5883030647449,2041.0027674063172,2043.0417437214164,489.4562224177342
2024-01-05 05:00:00+00:00,2043.6033996130247,2043.6147946105643,2035.8186029487622,2041.7319801771805,511.92964464336455
2024-01-05 06:00:00+00:00,2039.862274280596,2042.5157452616686,2036.4792726135106,2040.741104715605,287.99445160464734
2024-01-05 07:00:00+00:00,2036.7910146618503,2040.6394074737384,2037.592318090437,2037.8767845530188,431.8364537783157
2024-01-05 08:00:00+00:00,2036.9712469080644,2038.4694405301204,2035.3689511583339,2037.627014402615,432.83193038845894
2024-01-05 09:00:00+00:00,2038.385860504821,2043.5102524087883,2037.5611078301597,2039.6821854242348,147.11951816872516
2024-01-05 10:00:00+00:00,2047.9681451492088,2049.3852416232435,2046.5458367617998,2047.8006755785639,790.8108656661265
2024-01-05 11:00:00+00:00,2051.1447758072763,2051.475750493058,2046.7671756182988,2048.925545675898,474.8539887134911
2024-01-05 12:00:00+00:00,2050.832883883079,2054.038330386938,2049.112287514283,2050.391257938267,839.961898134781
2024-01-05 13:00:00+00:00,2050.151085784732,2053.5636853128653,2046.571338622811,2050.4960523580044,865.3132010079058
2024-01-05 14:00:00+00:00,2042.6533784818243,2044.387737620452,2042.6612614814733,2043.0508353196335,290.79464922879225
2024-01-05 15:00:00+00:00,2041.221697360121,2043.4647081628884,2042.9068374558901,2043.3511291628192,691.6181339531157
2024-01-05 16:00:00+00:00,2045.2094350722825,2044.5783048209355,2042.2276235526463,2044.006047255696,525.0536237466836
2024-01-05 17:00:00+00:00,2054.404905455813,2056.823847277634,2053.4931329199844,2054.511517067626,892.1410641293365
2024-01-05 18:00:00+00:00,2053.884885737368,2059.155936286199,2053.8230584936496,2054.132038785944,294.1666112588087
2024-01-05 19:00:00+00:00,2060.1585867188764,2056.04801452981,2055.032083510481,2055.782363902863,710.0318802790398
2024-01-05 20:00:00+00:00,2056.460318988669,2056.2757394711653,2051.1092736336714,2056.0508182142094,646.9769100274503
2024-01-05 21:00:00+00:00,2050.6327182310083,2053.150025558253,2051.542784243347,2051.660998482,365.7713298146495
2024-01-05 22:00:00+00:00,2056.1824317874443,2057.756367891663,2056.353430064134,2056.7670439559884,222.94081328605535
2024-01-05 23:00:00+00:00,2061.851895713824,2060.735749327635,2058.1098503378917,2060.274486784414,686.4757844295489
2024-01-06 00:00:00+00:00,2064.1051572199603,2065.580800163273,2061.6675514870017,2063.9493009635275,764.7377123190976
2024-01-06 01:00:00+00:00,2058.635113495624,2061.5824472334207,2058.164926754411,2060.610934381491,384.064609387015
2024-01-06 02:00:00+00:00,2068.0801830631813,2070.7033936454727,2065.493463511455,2066.813599820962,680.3493436200824
2024-01-06 03:00:00+00:00,2060.5210068992874,2064.212734187254,2059.0829973498257,2061.4392325198914,455.61781685035294
2024-01-06 04:00:00+00:00,2066.851005481564,2067.561778940965,2060.901158172236,2064.2730067928096,741.8861949543559
2024-01-06 05:00:00+00:00,2075.244117606332,2074.811084466007,2071.373715622771,2073.750950471112,279.2937474046478
2024-01-06 06:00:00+00:00,2069.443414286221,2072.1092786979575,2069.434262820677,2070.060736614775,901.193502372557
2024-01-06 07:00:00+00:00,2069.897313817593,2068.3912511355047,2066.571165944251,2068.1311072931558,358.66863681902174
2024-01-06 08:00:00+00:00,2069.0506760128437,2069.0723750387347,2068.824383100329,2068.957082586778,431.0073889805376
2024-01-06 09:00:00+00:00,2068.4634943783153,2069.550217626841,2066.6085617487847,2067.288208402971,152.2827568723148
2024-01-06 10:00:00+00:00,2061.965141608504,2064.7876977731435,2060.6366087730476,2061.2990220869956,200.36099108914874
2024-01-06 11:00:00+00:00,2060.8306016995057,2065.1479802957992,2061.124058540157,2061.9940566277583,564.2757124410953
2024-01-06 12:00:00+00:00,2057.1463810729724,2058.354528924341,2054.7082788879584,2058.0293440324767,340.83340905517434
2024-01-06 13:00:00+00:00,2061.8063873133124,2061.271181062684,2059.4571805925875,2060.39163887537,851.932203167975
2024-01-06 14:00:00+00:00,2056.558642077451,2059.0996512568036,2056.5155000788045,2057.0177346076193,113.22404978945846
2024-01-06 15:00:00+00:00,2063.261464176039,2067.232156231186,2061.827135843506,2063.816835171993,441.18464380474256
2024-01-06 16:00:00+00:00,2059.6862044282734,2062.695095297172,2058.547044980537,2060.998541923872,403.6109920921834
2024-01-06 17:00:00+00:00,2060.6651745038357,2060.2344493603846,2057.554433740874,2060.0834082326546,117.39486782584093
2024-01-06 18:00:00+00:00,2066.688520976437,2066.512978684123,2062.6177474410006,2063.8506919885544,211.9315591004592
2024-01-06 19:00:00+00:00,2057.7225958218055,2061.8549073264417,2057.744249970352,2059.1880965349333,472.27840742677176
2024-01-06 20:00:00+00:00,2060.570411503743,2061.2290382881456,2059.924000793118,2060.5371414437295,543.578126002702
2024-01-06 21:00:00+00:00,2068.2896714056196,2069.7930218870865,2063.5015649952857,2066.344248857086,463.8607725293822
2024-01-06 22:00:00+00:00,2060.0142916163904,2060.658462648078,2059.814539292978,2060.1236723599936,577.8439105708844
2024-01-06 23:00:00+00:00,2061.91841647866,2064.395191842226,2061.0379177932305,2061.2967681309246,635.6185074151134
2024-01-07 00:00:00+00:00,2061.3199625913044,2063.2878667925625,2062.4239434181345,2062.7809526807127,108.93143901505206
2024-01-07 01:00:00+00:00,2067.0122196889342,2066.985739532154,2066.3899846098743,2066.4221774993007,517.6856435081535
2024-01-07 02:00:00+00:00,2061.4714483430216,2067.2889240010195,2059.4684536919017,2061.728675474762,967.1493167988294
2024-01-07 03:00:00+00:00,2058.0538804104676,2056.8139800141016,2053.7405556575186,2056.7023116366245,567.1290521165938
2024-01-07 04:00:00+00:00,2060.8922935284972,2059.737755468298,2055.9786967138434,2059.262200719398,709.7880407130579
2024-01-07 05:00:00+00:00,2064.4557251006618,2062.3326512154626,2059.1523402071352,2060.897841021313,380.67747212519487
2024-01-07 06:00:00+00:00,2063.139942347517,2066.1561890731605,2060.29841632027,2062.343007399761,796.5922403374863
2024-01-07 07:00:00+00:00,2064.633624422295,2066.510727406953,2059.7402922536953,2064.185288446482,795.6293336885036
2024-01-07 08:00:00+00:00,2062.0593064981967,2062.3465124006852,2060.47471352114,2061.7921198173913,569.166442888725
2024-01-07 09:00:00+00:00,2062.6768915702623,2065.4455941678107,2060.4329017942696,2063.162651240265,978.4124409512922
2024-01-07 10:00:00+00:00,2065.251164802785,2070.0986691646476,2061.3948251851425,2064.785233841536,212.99519328638803
2024-01-07 11:00:00+00:00,2061.8436566819482,2062.371907547627,2060.1672892701267,2062.2497843448514,115.2528984006229
2024-01-07 12:00:00+00:00,2070.606097656559,2070.402418391548,2068.948851260173,2070.3735795535895,793.1423905813864
2024-01-07 13:00:00+00:00,2074.571741703795,2072.8010458945287,2068.082301935716,2072.751040595117,826.4399836283943
2024-01-07 14:00:00+00:00,2066.8441308004562,2068.6416583799637,2066.201454374025,2068.231973144351,208.1865062085186
2024-01-07 15:00:00+00:00,2072.9378674572076,2071.662821597495,2070.690954697805,2071.363798666275,339.02454966274547
2024-01-07 16:00:00+00:00,2069.559035716796,2068.9295842208207,2062.5752687263493,2067.7433983931855,115.79712702996602
2024-01-07 17:00:00+00:00,2071.252135319035,2072.5479531914316,2066.6696880542268,2071.4151812785285,363.9777497025082
2024-01-07 18:00:00+00:00,2073.6983505694534,2076.7039138875243,2073.7502612045005,2076.635897270841,795.8276865268043
2024-01-07 19:00:00+00:00,2072.804592533512,2074.7717338134908,2070.232891167376,2073.644863827952,566.164474941321
2024-01-07 20:00:00+00:00,2079.8565070640257,2079.541021760611,2075.934723286999,2078.059685677524,413.28603385145925
2024-01-07 21:00:00+00:00,2080.160244316534,2080.4133529264136,2075.1168042884633,2080.191957622721,434.5653654156973
2024-01-07 22:00:00+00:00,2082.6432362264154,2084.5630017776925,2081.1467528677686,2084.0316211939034,101.21826314392133
2024-01-07 23:00:00+00:00,2091.6669039884664,2095.5179329462057,2091.191114498592,2092.3710216002055,369.82047480871233
2024-01-08 00:00:00+00:00,2092.9349500291028,2097.3078980453315,2090.518613339314,2091.7626982858533,681.8128674741374
2024-01-08 01:00:00+00:00,2089.7909919695426,2091.3097536604746,2087.2467532456512,2089.0295635779607,976.7749994347214
2024-01-08 02:00:00+00:00,2085.4012961011,2088.3325302267276,2084.1506057557895,2085.7335285612917,862.3547442855096
2024-01-08 03:00:00+00:00,2082.240350294295,2087.0680387686134,2082.164034563336,2082.74968591329,121.23546818097621
2024-01-08 04:00:00+00:00,2082.3010898926605,2083.558836078671,2082.628036156728,2082.8450709124777,908.7045442073554
2024-01-08 05:00:00+00:00,2083.4016287098207,2085.4579209654335,2084.553097423336,2084.6835842895575,804.8785719687634
2024-01-08 06:00:00+00:00,2088.5014617634724,2089.1911662482653,2084.681776109901,2086.254738305939,802.3385112138824
2024-01-08 07:00:00+00:00,2089.677881248064,2091.752744059748,2089.5403618346927,2090.127008393435,512.1961831032143
2024-01-08 08:00:00+00:00,2092.2958323360467,2092.921207628154,2087.0601438243602,2090.5994383893344,458.20476365905256
2024-01-08 09:00:00+00:00,2099.232081487649,2100.7798703923377,2096.898946437217,2097.105174977474,372.62415594987334
2024-01-08 10:00:00+00:00,2097.809932367305,2098.376253205958,2094.3421863709373,2096.4146832837323,159.1253730589292
2024-01-08 11:00:00+00:00,2107.66593237838,2110.9533659678764,2105.945914127163,2108.2725812255826,305.4118271443292
2024-01-08 12:00:00+00:00,2111.9028847242244,2112.8583030557284,2110.9547951007103,2111.3346118485097,321.94327148022217
2024-01-08 13:00:00+00:00,2108.1058003725075,2110.520004501204,2105.2052700905906,2108.1398055198083,535.6693627391815
2024-01-08 14:00:00+00:00,2102.7826003711384,2105.153840088888,2102.118038845858,2104.0502231055984,772.6999659370246
2024-01-08 15:00:00+00:00,2106.9582629369766,2107.533622651062,2103.194489943839,2106.5027537902006,526.4288455581519
2024-01-08 16:00:00+00:00,2104.3273103655933,2108.556448593801,2103.8985289054635,2105.982668609449,152.06000450244454
2024-01-08 17:00:00+00:00,2111.084207846852,2110.918011697525,2107.4295269075305,2109.414002824927,962.0108208893835
2024-01-08 18:00:00+00:00,2111.1796509429996,2112.3413079061634,2109.7589305452943,2111.833780611994,948.451887184701
2024-01-08 19:00:00+00:00,2112.231771265535,2112.740147629742,2111.4741317160847,2111.948545370463,806.6705888335675
2024-01-08 20:00:00+00:00,2109.1947843744574,2110.2957899628436,2107.6365721037246,2108.796520055997,992.1951114077985
2024-01-08 21:00:00+00:00,2102.4747482768507,2103.7719186796926,2100.801433806184,2102.837705037335,590.0340995202366
2024-01-08 22:00:00+00:00,2102.202791918748,2102.139407893356,2101.159446420111,2101.3808804939986,966.4915152278854
2024-01-08 23:00:00+00:00,2104.7376673718973,2107.845101375436,2102.5955805499093,2105.404243487831,168.0445365550757
2024-01-09 00:00:00+00:00,2107.950971433333,2109.004753163758,2105.460329993793,2106.727247595127,429.11267343523417
2024-01-09 01:00:00+00:00,2100.0191750636372,2103.199894529847,2101.233104911881,2101.9052562401057,302.8431412060893
2024-01-09 02:00:00+00:00,2103.231159584092,2104.301294822054,2099.7038190694884,2103.0539708663578,276.249775720843
2024-01-09 03:00:00+00:00,2107.8173472709345,2105.7478842005853,2104.1690174260225,2105.0962591491525,226.72265400340848
2024-01-09 04:00:00+00:00,2100.396990609195,2102.484119910739,2101.757379264227,2101.7986539635776,660.172277409397
2024-01-09 05:00:00+00:00,2101.9153451244792,2105.4964063490847,2101.703670739514,2102.8654827942487,803.1896701725746
2024-01-09 06:00:00+00:00,2104.2516520997824,2105.4746908342813,2103.059961065052,2103.530971380987,620.4685594783246
2024-01-09 07:00:00+00:00,2099.3990163974727,2099.5358408358225,2096.284171689222,2099.147703940654,232.26643862938872
2024-01-09 08:00:00+00:00,2101.561642990141,2102.1687885392953,2100.8074051059425,2101.0705106156624,830.0113929401239
2024-01-09 09:00:00+00:00,2104.5351732501417,2106.056013065005,2102.945651553162,2103.8490559954976,672.3592364473557
2024-01-09 10:00:00+00:00,2109.7252199277814,2110.318215390679,2108.574967268102,2108.832872262692,449.349135514296
2024-01-09 11:00:00+00:00,2115.2685614011375,2116.681914244147,2112.5564711061056,2113.7048427811533,706.7172659824566
2024-01-09 12:00:00+00:00,2108.886522687549,2111.592363674775,2108.207493834642,2108.310506034235,333.9144813185495
2024-01-09 13:00:00+00:00,2104.442143941908,2106.056191608023,2104.695236967283,2104.7806735744366,410.67298764478943
2024-01-09 14:00:00+00:00,2108.3162036007025,2110.06963532252,2105.891938127067,2107.3712952594615,925.7372588187912
2024-01-09 15:00:00+00:00,2112.6322832456494,2113.6623787716976,2108.5611392219516,2109.9598335315955,361.4540551042783
2024-01-09 16:00:00+00:00,2112.3700847847736,2116.9550766397797,2109.59379892046,2112.5568823406074,522.989441342143
2024-01-09 17:00:00+00:00,2127.940418110312,2132.9361153502227,2125.598394994487,2129.323810411898,901.1270236564131
2024-01-09 18:00:00+00:00,2133.7564799235197,2132.632742155854,2129.5306705248704,2132.1828143387593,736.9492152407747
2024-01-09 19:00:00+00:00,2137.2866936220667,2137.6649536660093,2135.9771775087474,2137.4582334287616,155.98290354823249
2024-01-09 20:00:00+00:00,2138.86622849589,2143.13595500954,2140.429949434934,2141.9687553514004,232.5727398510733
2024-01-09 21:00:00+00:00,2146.402008781647,2146.0463112297334,2143.2703054900226,2145.1900883933054,107.05743169472514
2024-01-09 22:00:00+00:00,2143.501442682843,2144.347399123938,2143.6342495113317,2144.266700284753,667.829611206247
2024-01-09 23:00:00+00:00,2147.8239436313615,2150.3234257224412,2145.27349243267,2147.953584490189,502.9060828693765
2024-01-10 00:00:00+00:00,2145.539879974095,2145.3101594324276,2143.6204524300497,2145.0651336859796,220.847365812048
2024-01-10 01:00:00+00:00,2144.7505926203357,2144.8005631986503,2143.879947429922,2144.478244341109,962.1407089510934
2024-01-10 02:00:00+00:00,2143.8395615214636,2143.6052313493205,2141.036070174055,2142.826073620302,576.6937515510579
2024-01-10 03:00:00+00:00,2142.983323994583,2143.7277336567386,2139.007310873239,2143.60566469515,317.7039647016003
2024-01-10 04:00:00+00:00,2154.71966751908,2154.6458531906833,2151.424786826842,2153.9828534582257,550.5432140392368
2024-01-10 05:00:00+00:00,2146.011583480488,2150.0536508486343,2145.717980629475,2146.382974527062,711.658299461597
2024-01-10 06:00:00+00:00,2150.819704604274,2152.6591369541597,2148.3983919677044,2149.760860700749,168.61529617620803
2024-01-10 07:00:00+00:00,2144.1459991140146,2144.8597478830884,2142.379852834884,2143.2667346752905,347.2334335431028
2024-01-10 08:00:00+00:00,2140.337426548604,2142.0389670080845,2141.2762035259943,2141.673029107639,826.2689417955943
2024-01-10 09:00:00+00:00,2148.326012886485,2147.1667459495443,2146.4930803017687,2146.7717757158603,513.6983833623951
2024-01-10 10:00:00+00:00,2146.7099221542085,2147.5168214706077,2147.3831508802905,2147.4772350189983,591.9194278290654
2024-01-10 11:00:00+00:00,2144.4365660901194,2144.026934552674,2142.966902211345,2143.281968950835,489.53440198852235
2024-01-10 12:00:00+00:00,2141.170207240069,2141.801486910639,2138.5827284552597,2140.646052481696,139.50994837870462
2024-01-10 13:00:00+00:00,2146.6137020386386,2145.6550162752483,2139.247010451255,2143.9863415744026,249.17480183814033
2024-01-10 14:00:00+00:00,2140.9660469277333,2141.704410356023,2140.091301014555,2141.2850498392004,500.9874748677018
2024-01-10 15:00:00+00:00,2142.1417613078265,2144.7370362729,2139.7057392428183,2142.6407349056594,288.266918867135
2024-01-10 16:00:00+00:00,2143.2368944628524,2144.1396357289623,2143.0754302398695,2143.264642032627,144.98112579371087
2024-01-10 17:00:00+00:00,2140.4687760418897,2144.5465585252896,2135.3785911650693,2140.9014947420533,859.2846976466413
2024-01-10 18:00:00+00:00,2151.678080326127,2152.744444961739,2148.8028863959494,2150.531213639977,983.0732762477043
2024-01-10 19:00:00+00:00,2151.369474845551,2154.707991566338,2150.1600132774765,2153.690163017398,813.8285865970655
2024-01-10 20:00:00+00:00,2143.9067286220793,2145.963074868286,2141.81442269301,2145.4137851468818,868.4064295342004
2024-01-10 21:00:00+00:00,2145.115135408559,2148.752750354703,2145.454906904293,2146.6432633740383,317.77941728534086
2024-01-10 22:00:00+00:00,2145.5911613324647,2147.803872362611,2143.0126754566954,2144.232707585147,964.5642779618797
2024-01-10 23:00:00+00:00,2150.7710421747684,2150.5002702566303,2144.822758877133,2148.321077665399,277.2331340080856
2024-01-11 00:00:00+00:00,2145.1982369326975,2149.296938678598,2144.5342627230707,2145.3476235212092,956.286829325649
2024-01-11 01:00:00+00:00,2145.0429478014353,2148.0294513723966,2144.8476571039882,2145.2843948736186,995.3373645693559
2024-01-11 02:00:00+00:00,2147.982014607026,2149.2237418262225,2146.632323640504,2147.8817054339747,740.5505251714438
2024-01-11 03:00:00+00:00,2153.701305122005,2152.090519264508,2149.85057906562,2152.034370427694,983.0293586126397
2024-01-11 04:00:00+00:00,2145.9762866777846,2148.4153971616975,2145.9096298098634,2147.3038259664977,612.5858016103933
2024-01-11 05:00:00+00:00,2146.6380450422516,2147.854633039894,2143.6700320041955,2146.2969712917893,333.5876048584813
2024-01-11 06:00:00+00:00,2146.082416465259,2145.0886430942046,2144.614988231124,2144.6880866394504,493.2962970990588
2024-01-11 07:00:00+00:00,2143.03163024704,2143.9342311347177,2140.666436277768,2142.315962221148,634.2048418409073
2024-01-11 08:00:00+00:00,2150.5954503061694,2151.638636956978,2149.820960365884,2150.3236757470636,165.7734058243135
2024-01-11 09:00:00+00:00,2153.933019888431,2155.524354184598,2149.1474611017147,2152.4965210673117,660.1089381555215
2024-01-11 10:00:00+00:00,2143.6345847904618,2149.4873686188166,2146.794154003613,2147.5047208643346,983.0600530860651
2024-01-11 11:00:00+00:00,2152.853371674558,2154.7895646587563,2150.087245320209,2151.880900372603,271.0968848053549
2024-01-11 12:00:00+00:00,2160.523306575852,2163.575131404554,2157.156423293711,2161.4658147287355,813.335604659545
2024-01-11 13:00:00+00:00,2163.7230511576927,2168.6495076209444,2165.556589089738,2166.3669328736796,917.1089144016574
2024-01-11 14:00:00+00:00,2160.962109804985,2162.276817144298,2157.573858718705,2160.225901074192,949.3314335381988
2024-01-11 15:00:00+00:00,2160.543229493243,2164.24864564357,2155.9553834232397,2158.5664739717276,964.1220439649024
2024-01-11 16:00:00+00:00,2164.2773488380817,2165.5434594179737,2160.8554425542266,2164.4756848166326,569.3136748493248
2024-01-11 17:00:00+00:00,2163.220023592446,2162.246298487898,2160.940856254496,2161.8467111217915,979.5771171923533
2024-01-11 18:00:00+00:00,2166.525493073994,2166.0569560630515,2162.673512593253,2164.1992987571007,781.579186420995
2024-01-11 19:00:00+00:00,2169.888856158783,2169.506640336287,2167.867469945531,2167.98837665767,245.5042926132657
2024-01-11 20:00:00+00:00,2166.7721545378186,2165.6517025673543,2163.1973427225744,2164.4057887240365,529.210095821173
2024-01-11 21:00:00+00:00,2165.651932968893,2164.8451030498973,2164.416483096575,2164.581002922946,746.4980578348036
2024-01-11 22:00:00+00:00,2151.1327497269167,2156.531381412919,2149.865699272223,2151.024576652794,322.60628423717503
2024-01-11 23:00:00+00:00,2144.758487332568,2147.257734938263,2145.0747557782283,2147.0514893874893,676.5536651939987
2024-01-12 00:00:00+00:00,2146.04434754463,2148.8632421609673,2146.0329305071714,2146.3964459779704,699.9404311419573
2024-01-12 01:00:00+00:00,2140.271040573666,2142.980736185855,2138.4474674070702,2141.4749015201073,246.4297694277093
2024-01-12 02:00:00+00:00,2152.0177047685816,2148.9827882634545,2148.668586701583,2148.9076012302703,608.5767812074807
2024-01-12 03:00:00+00:00,2142.947191205311,2146.9936739380496,2141.2612431795164,2143.198496677839,794.4642198807469
2024-01-12 04:00:00+00:00,2141.917341763042,2143.084227858021,2140.1661115887796,2141.7414265372827,549.0060980823478
2024-01-12 05:00:00+00:00,2143.5178174533157,2146.6136158858194,2140.081413972658,2142.730027936509,110.89280509849668
2024-01-12 06:00:00+00:00,2149.4077615391243,2150.8664870153334,2146.999681470024,2149.345283730811,108.13462217136296
2024-01-12 07:00:00+00:00,2146.032842801529,2144.8161996883737,2142.304735141446,2143.610490007286,421.32640957301095
2024-01-12 08:00:00+00:00,2148.1407359261475,2150.391863499652,2146.6853825688495,2149.03279852638,933.5746615886038
2024-01-12 09:00:00+00:00,2149.7855130294242,2151.597151931575,2148.826517621176,2149.506639684648,305.8091016432479
2024-01-12 10:00:00+00:00,2144.65827140406,2147.0545912026746,2143.1173924715167,2145.7203609061307,670.9273199845185
2024-01-12 11:00:00+00:00,2146.243560963651,2151.507004110298,2147.829524165046,2148.1339510786784,299.86828362398853
2024-01-12 12:00:00+00:00,2148.542543826744,2150.982098559528,2144.433964581618,2149.419175970249,389.50299069359374
2024-01-12 13:00:00+00:00,2147.216881091604,2147.8013890736765,2146.4253402003583,2147.2698997579278,863.2378806413356
2024-01-12 14:00:00+00:00,2147.384484837817,2148.1591283569005,2147.5867240500584,2147.9992454073604,755.9752980429522
2024-01-12 15:00:00+00:00,2145.7829074172796,2148.106330922335,2146.1102851163514,2146.7738882701356,185.85934958188955
2024-01-12 16:00:00+00:00,2145.677274214226,2148.072477772683,2147.4040263855672,2147.6908309623263,485.83181888779023
2024-01-12 17:00:00+00:00,2150.8477977357397,2153.8392509050877,2150.6390117149967,2150.9669692968655,126.25278728073802
2024-01-12 18:00:00+00:00,2156.067320799583,2159.0529002199564,2156.704081870698,2158.232344920446,532.801131942708
2024-01-12 19:00:00+00:00,2154.4176876025313,2154.641378978832,2151.266495922984,2153.326588458978,696.1906105309613
2024-01-12 20:00:00+00:00,2163.083871800392,2164.175802744243,2161.264927910507,2162.9649956004964,206.6523612383364
2024-01-12 21:00:00+00:00,2152.8738296894744,2157.2968617462398,2152.0990499006593,2154.9678140686037,359.9964450182491
2024-01-12 22:00:00+00:00,2154.300457466756,2156.54152448873,2150.788081523222,2154.7446352000416,458.05296295194125
2024-01-12 23:00:00+00:00,2156.6310150826034,2158.703752319695,2156.616874029061,2157.7129735055687,927.5779221904447
2024-01-13 00:00:00+00:00,2159.817216894601,2159.50925513341,2156.9751790375367,2159.3577422611306,993.9295138806676
2024-01-13 01:00:00+00:00,2159.0291897501493,2160.684392650083,2152.4575276822748,2157.101531277004,140.42016909605428
2024-01-13 02:00:00+00:00,2153.939078494745,2157.561650104327,2155.7970980990435,2156.6351203645972,784.9071311458529
2024-01-13 03:00:00+00:00,2155.1059167213166,2155.388221780624,2149.5684010942227,2154.9406671374927,434.5516597621089
2024-01-13 04:00:00+00:00,2152.602768822557,2153.4172586632253,2152.8195252341848,2152.8325948904285,453.21236760653204
2024-01-13 05:00:00+00:00,2157.890502180665,2159.678999762894,2155.116586812876,2156.9251486512026,778.8384760123204
2024-01-13 06:00:00+00:00,2159.204392771888,2161.2314366326846,2158.7208851187784,2158.8975463201637,926.5837889308677
2024-01-13 07:00:00+00:00,2155.2580009330186,2158.6099560371204,2156.125761848957,2156.3390014649744,955.8357350522936
2024-01-13 08:00:00+00:00,2160.1946891286216,2160.7397309719886,2158.668459436357,2160.6542659600677,619.4103274344887
2024-01-13 09:00:00+00:00,2161.267491061856,2163.8887372883087,2161.7873558808133,2162.4150499237767,421.40904337045254
2024-01-13 10:00:00+00:00,2167.9206469476812,2166.427977627192,2165.787359855909,2166.366629642137,808.7941772729014
2024-01-13 11:00:00+00:00,2169.561048658407,2169.5947813251223,2168.8322913674306,2169.5302244811223,325.90124493607027
2024-01-13 12:00:00+00:00,2169.115163384068,2168.4020451676747,2164.9220451654587,2166.3693758645386,607.666625950166
2024-01-13 13:00:00+00:00,2164.288920328894,2165.49336394308,2162.2292957891195,2164.3764488867546,422.72061537238585
2024-01-13 14:00:00+00:00,2167.023376686829,2168.2556773202496,2167.667961905843,2168.0472829309692,690.9679663370885
2024-01-13 15:00:00+00:00,2168.938724532783,2172.1333643320263,2169.4888839559862,2171.12970472096,316.35902160415617
2024-01-13 16:00:00+00:00,2168.8628847020864,2172.416694600237,2170.308180942262,2171.473197687871,272.43365116134316
2024-01-13 17:00:00+00:00,2170.122974523117,2173.0888948684765,2170.465396679245,2172.417244016084,926.4151780078934
2024-01-13 18:00:00+00:00,2178.799165001617,2178.8951225731057,2178.3498337222636,2178.411223871778,191.62331465458323
2024-01-13 19:00:00+00:00,2177.0086692617674,2177.3124736023847,2176.2507416542835,2176.2705870584637,555.3621169614385
2024-01-13 20:00:00+00:00,2176.791891633266,2181.825332671602,2176.7226653966886,2179.0889284015925,298.767504666708
2024-01-13 21:00:00+00:00,2179.9435798206905,2180.5926306310866,2177.6094018903823,2178.643600157452,135.0369669931007
2024-01-13 22:00:00+00:00,2177.4294428968096,2178.5379205962195,2178.0763777037455,2178.1308896956634,132.41693646228376
2024-01-13 23:00:00+00:00,2183.573008648758,2184.319431632998,2181.5738630316264,2183.359340719511,257.6995948952446
2024-01-14 00:00:00+00:00,2189.755167549756,2190.569240904145,2184.363169810682,2187.404115524836,880.0933190554002
2024-01-14 01:00:00+00:00,2192.714422961899,2191.834928963137,2190.1818101537247,2191.4041980007523,354.230869579324
2024-01-14 02:00:00+00:00,2197.179397672839,2199.8403616082887,2197.550057470299,2197.5728081061598,955.4132535177662
2024-01-14 03:00:00+00:00,2196.7987460881664,2201.370119209893,2195.2211485783196,2198.1047019688617,623.4600636902742
2024-01-14 04:00:00+00:00,2198.3868081196256,2202.132943623794,2199.200124759615,2201.545020440762,492.95277079188946
2024-01-14 05:00:00+00:00,2199.564336461572,2202.5771304017203,2199.947708218283,2200.619391621488,622.0799512025092
2024-01-14 06:00:00+00:00,2202.177033361333,2202.668270524738,2201.1445983780177,2202.4870411046686,565.028546703641
2024-01-14 07:00:00+00:00,2200.904853038605,2204.7008309827966,2201.942488687016,2202.3542657337157,782.8986283815926
2024-01-14 08:00:00+00:00,2203.029354327979,2204.3618478685553,2203.097334130035,2203.222146499166,354.24645937556704
2024-01-14 09:00:00+00:00,2206.4004858082553,2209.396873145017,2205.1187931034483,2206.287447578459,417.74535244027214
2024-01-14 10:00:00+00:00,2202.7902635680575,2208.1852697495965,2202.965202815201,2203.1205201197863,904.6848722799257
2024-01-14 11:00:00+00:00,2211.8430321315964,2213.6048066314493,2211.7253849994604,2212.8019167694306,951.8108618353649
2024-01-14 12:00:00+00:00,2209.044222575982,2209.7798975445326,2208.653462592294,2208.7958734136673,903.302404737827
2024-01-14 13:00:00+00:00,2204.5286455654464,2207.0824069898736,2199.525633073546,2203.879322992396,477.50319456158223
2024-01-14 14:00:00+00:00,2207.8256464865144,2212.9217115755046,2207.3563572704256,2209.4317547178593,802.3289527061935
2024-01-14 15:00:00+00:00,2215.457354506091,2214.5326913451413,2213.056485968235,2213.375405820354,528.702159970989
2024-01-14 16:00:00+00:00,2216.437540226896,2217.5146051443717,2213.9018370180956,2216.5832260937714,547.7858669314919
2024-01-14 17:00:00+00:00,2219.842350961685,2220.4399653995365,2218.482725384025,2219.8144558513513,284.21209815155555
2024-01-14 18:00:00+00:00,2221.2523355078556,2223.189036318034,2216.8055025594535,2220.2040818056503,632.0172729326648
2024-01-14 19:00:00+00:00,2217.0114095064164,2218.703113115495,2213.9651789798695,2216.6667678744802,267.52230797801315
2024-01-14 20:00:00+00:00,2218.8553246943547,2219.672933389326,2216.973007050729,2217.4463051562348,398.4082291604744
2024-01-14 21:00:00+00:00,2215.3120969812694,2216.5887174252193,2211.5863400825738,2214.888131710714,869.5271814579417
2024-01-14 22:00:00+00:00,2218.749528779985,2219.7327840699827,2219.3258049756873,2219.655795558677,286.3682282897697
2024-01-14 23:00:00+00:00,2219.9817949292474,2219.9667301723844,2218.698758594971,2219.446903009617,164.04245665608954
2024-01-15 00:00:00+00:00,2214.538993929664,2219.6650971598388,2214.869392592339,2216.2288332616777,162.10683335153468
2024-01-15 01:00:00+00:00,2215.4080915313143,2217.459368660291,2214.57772180316,2215.2477671007687,946.7060684527971
2024-01-15 02:00:00+00:00,2217.472348195956,2219.704229730146,2216.6606832438074,2217.521473674505,556.2283941656511
2024-01-15 03:00:00+00:00,2215.158404934415,2215.93987374955,2215.0882374754597,2215.4657887859867,468.4708646353165
2024-01-15 04:00:00+00:00,2212.0784167529964,2212.3774166825337,2211.9127570227624,2212.267989701018,829.7907229071266
2024-01-15 05:00:00+00:00,2211.011824194263,2215.2830769665716,2213.7824256374374,2213.7891688838613,852.2433351194644
2024-01-15 06:00:00+00:00,2214.5066626458142,2217.8042476636547,2214.349105830282,2215.3170624129407,398.9719298040441
2024-01-15 07:00:00+00:00,2213.6517886600395,2214.3612492444963,2210.8792664929088,2213.5147796194474,724.2562517264157
2024-01-15 08:00:00+00:00,2212.108512724739,2212.2409624991587,2209.772498432613,2211.872791388746,794.010534266698
2024-01-15 09:00:00+00:00,2211.825785862984,2214.432146846052,2210.0555963779657,2213.3421836900116,689.185618179359
2024-01-15 10:00:00+00:00,2209.245278378588,2208.0209831923166,2201.7451960644585,2207.3826773369256,236.43556732008943
2024-01-15 11:00:00+00:00,2200.3467477281265,2207.0237050208107,2199.5610562594566,2201.6180718609403,888.2947751653513
2024-01-15 12:00:00+00:00,2200.3177567665925,2200.2989236215963,2195.8909744173093,2198.896599338964,585.1850974624078
2024-01-15 13:00:00+00:00,2199.023834235985,2199.5650813283987,2197.903615071914,2198.3977388232006,354.2251837330033
2024-01-15 14:00:00+00:00,2199.2572694896044,2201.576194930168,2197.6306692145163,2200.205157929813,482.7053668939245
2024-01-15 15:00:00+00:00,2209.7605534793997,2208.374324243821,2203.171065796034,2207.148303862432,133.81398135901665
2024-01-15 16:00:00+00:00,2209.6200256007182,2212.789253463841,2210.1823687668666,2211.3797484785746,215.0801211001758
2024-01-15 17:00:00+00:00,2212.469574183218,2213.743722560231,2209.4360915523807,2211.114670664637,788.9920754642748
2024-01-15 18:00:00+00:00,2212.9480023098245,2214.6142351177227,2210.197891483829,2211.4728285704246,100.01047127982953
2024-01-15 19:00:00+00:00,2206.497668302671,2208.744504469945,2201.7649048871485,2207.4845908212246,474.909245634063
2024-01-15 20:00:00+00:00,2209.8939465920366,2209.6820937080106,2206.638359395651,2207.844382131996,570.2591629770295
2024-01-15 21:00:00+00:00,2206.6435777578836,2208.0519009891027,2206.146765505228,2207.011481443627,149.17097800087507
2024-01-15 22:00:00+00:00,2209.3032858792862,2210.0979532660926,2205.611424379612,2208.878159844218,975.7703466750995
2024-01-15 23:00:00+00:00,2206.0505550035355,2207.063803319664,2205.2633349465223,2205.6677660111577,303.5127981247048
2024-01-16 00:00:00+00:00,2208.2038657128796,2208.8497396643866,2208.3677938441488,2208.4016041396217,373.7788476726528
2024-01-16 01:00:00+00:00,2216.8225092311495,2218.983198280065,2214.3413852522526,2215.6248779103307,373.5482610295246
2024-01-16 02:00:00+00:00,2216.7580882099396,2219.0146907962776,2215.3211192473836,2215.5860598446734,307.3749959056149
2024-01-16 03:00:00+00:00,2215.225071736128,2221.7932626884976,2215.6522642388254,2217.8103466038715,101.32643987768027
2024-01-16 04:00:00+00:00,2223.2494659332024,2222.6790948684243,2218.6599306926,2221.31789638355,756.4103146791967
2024-01-16 05:00:00+00:00,2217.5196204781478,2220.840776292389,2219.6281540545574,2219.9800865498064,970.1609498193568
2024-01-16 06:00:00+00:00,2222.9486562402944,2222.054537673995,2221.358855880801,2221.4195107175997,301.8641349565405
2024-01-16 07:00:00+00:00,2223.5887625881905,2222.662933118523,2219.846150401496,2221.919796955625,696.7424726230802
2024-01-16 08:00:00+00:00,2221.1817458667233,2224.2622226619756,2221.813084414983,2222.798411498777,767.7066942628436
2024-01-16 09:00:00+00:00,2219.2005413396982,2224.2707631468525,2217.844401456803,2219.808494036947,863.5828411814723
2024-01-16 10:00:00+00:00,2218.724631087406,2220.75422713712,2219.9773376084886,2220.3613403539093,480.3662773122482
2024-01-16 11:00:00+00:00,2222.6999579594662,2224.793103095272,2219.213314000532,2223.0184735732605,372.6378150763863
2024-01-16 12:00:00+00:00,2229.467694777261,2233.0014030960965,2226.8663862941867,2229.9256238061384,392.765620620728
2024-01-16 13:00:00+00:00,2235.816336632694,2236.2881981923247,2231.0490690960078,2234.6548218541307,741.3591997886615
2024-01-16 14:00:00+00:00,2246.7085910359706,2244.8220776892686,2241.4453097600954,2244.7477159925725,835.1015198550724
2024-01-16 15:00:00+00:00,2243.8395135387523,2245.7766173372665,2241.2844085579063,2241.753660677428,263.45257098094237
2024-01-16 16:00:00+00:00,2245.2755119709177,2247.279924558935,2244.614493001717,2246.117308860908,433.8469073419887
2024-01-16 17:00:00+00:00,2247.077039509103,2247.893447262959,2245.053436420527,2247.390508344564,911.746177074235
2024-01-16 18:00:00+00:00,2255.1724681632004,2257.7433522178426,2256.3389721385574,2257.706274142339,826.0241677252653
2024-01-16 19:00:00+00:00,2253.2990511962234,2257.1895242797486,2250.393521759228,2254.5102794287563,986.3725624862283
2024-01-16 20:00:00+00:00,2252.6253592472954,2256.865897479679,2249.651193152751,2251.1773245020036,778.8234337138726
2024-01-16 21:00:00+00:00,2251.3522259759197,2250.1238908968758,2247.832725580007,2248.93000418517,453.87568092513004
2024-01-16 22:00:00+00:00,2238.00203670538,2240.941472226707,2235.0131671846575,2239.8452036389112,631.574050595174
2024-01-16 23:00:00+00:00,2237.0548322553736,2240.275532846984,2236.5832118369894,2237.9387647435624,694.9128288225883
2024-01-17 00:00:00+00:00,2234.951166980971,2236.5145324009177,2233.3319352768153,2234.990511391804,170.61023468541157
2024-01-17 01:00:00+00:00,2236.5276946216877,2240.2394879722347,2235.44079602089,2236.1100471669797,590.0472631934786
2024-01-17 02:00:00+00:00,2236.878574956152,2239.3934319398795,2235.173140450522,2238.086550122064,738.3887456253486
2024-01-17 03:00:00+00:00,2247.5849657416193,2247.7570477755944,2243.4410993348333,2246.9497365068714,250.58917360095435
2024-01-17 04:00:00+00:00,2250.963909435104,2253.0051604713826,2251.603134690074,2251.6751976387472,802.5685456830014
2024-01-17 05:00:00+00:00,2249.50688341185,2252.0226176419646,2247.833722260983,2249.528557275889,625.3955024627005
2024-01-17 06:00:00+00:00,2246.7572580498722,2247.7820637226732,2244.906241020746,2245.9393105383256,956.9996071278351
2024-01-17 07:00:00+00:00,2248.6093414527254,2249.740370284642,2247.0758034567243,2248.599714043352,138.18006838620252
2024-01-17 08:00:00+00:00,2242.4661957874214,2245.511450730137,2238.6025059778844,2243.1187727095453,338.7935237999203
2024-01-17 09:00:00+00:00,2251.6359668950763,2254.433533580842,2251.4930628416305,2251.8005131702284,641.3984913698416
2024-01-17 10:00:00+00:00,2257.4369891736646,2260.6903001948,2256.7452405825443,2257.569979549669,366.9039209853376
2024-01-17 11:00:00+00:00,2255.3472421929714,2257.3671420763044,2255.48709404282,2255.9037150309136,742.981747664118
2024-01-17 12:00:00+00:00,2248.249331714967,2249.0130786471173,2245.608092289848,2248.6372906997667,783.1047542697379
2024-01-17 13:00:00+00:00,2257.588766317422,2255.516135828732,2252.9940996172063,2255.1852692842854,192.264367659827
2024-01-17 14:00:00+00:00,2255.9629838092305,2257.8405122748513,2252.4126131080047,2255.119690148138,562.469017786091
2024-01-17 15:00:00+00:00,2260.716222204444,2263.0088649810937,2259.6762972323327,2261.1616413783836,558.0015000319503
2024-01-17 16:00:00+00:00,2255.460928349808,2255.244588160651,2252.0532758996874,2254.4134460959112,432.35269319398697
2024-01-17 17:00:00+00:00,2251.6617639827837,2253.048837689053,2250.9543451200166,2252.1629745794644,939.6323763127049
2024-01-17 18:00:00+00:00,2254.398825770815,2252.7018280554676,2249.966115261133,2252.63707640157,844.7556878858991
2024-01-17 19:00:00+00:00,2253.8546379537283,2256.1800963757873,2251.679344573977,2253.2993616099257,727.4884437186731
2024-01-17 20:00:00+00:00,2251.5612327181693,2252.152611173867,2249.4794863440557,2251.722309139151,742.8939721614978
2024-01-17 21:00:00+00:00,2255.6530398174873,2255.0846915014804,2253.273420242956,2254.97997801514,515.5445294318072
2024-01-17 22:00:00+00:00,2248.2633047258037,2253.680788323777,2247.4203126260195,2250.6202685306016,928.8950689869183
2024-01-17 23:00:00+00:00,2248.7390425120384,2252.1089074104525,2247.0508707945132,2250.4295163587767,725.1358845279568
2024-01-18 00:00:00+00:00,2249.629235645105,2252.8745112069523,2250.6947661546146,2251.421254402151,756.0829554902348
2024-01-18 01:00:00+00:00,2254.404490279809,2259.0660628454484,2253.624251184603,2254.1896763807913,875.5218134086107
2024-01-18 02:00:00+00:00,2260.4595568100567,2258.5466331166936,2254.852850079219,2257.8517155009113,346.6644304079719
2024-01-18 03:00:00+00:00,2256.581227621642,2253.7232694300374,2251.976159601428,2253.2294734526286,826.3638134800327
2024-01-18 04:00:00+00:00,2247.731661570763,2247.3362655861424,2245.751678636588,2246.7759563216823,275.71654266084283
2024-01-18 05:00:00+00:00,2253.7274153161225,2256.5291182581514,2248.097458716305,2252.9751552103394,410.80775702039904
2024-01-18 06:00:00+00:00,2252.2164841979243,2255.1388672324483,2253.4728983597765,2254.9239830509914,402.04940884285844
2024-01-18 07:00:00+00:00,2251.186568355255,2252.629659930984,2249.911805913859,2252.0013030913583,980.6729215502265
2024-01-18 08:00:00+00:00,2258.2637498256017,2260.8239007004054,2259.3215703680303,2259.45038869524,870.8835013731342
2024-01-18 09:00:00+00:00,2259.4896248215823,2260.847027163803,2259.818078438506,2260.425211197181,731.0528754312338
2024-01-18 10:00:00+00:00,2265.9620940670243,2267.227842613152,2262.7522877575784,2266.2161275559747,754.351085453851
2024-01-18 11:00:00+00:00,2266.262042407566,2267.4155181925244,2265.824269701605,2266.9755209297664,605.8655149623139
2024-01-18 12:00:00+00:00,2273.7891404586794,2279.2378827451084,2275.5678560304104,2276.7934450146677,952.3816003976672
2024-01-18 13:00:00+00:00,2286.397039984432,2287.6034468066396,2282.806639384159,2285.2575949223565,546.6328775941254
2024-01-18 14:00:00+00:00,2282.943010839247,2284.8806328698665,2283.7430908715933,2284.576853430103,442.46593888290505
2024-01-18 15:00:00+00:00,2289.8434431576725,2291.081187555481,2287.5569238564763,2289.4782761589913,246.7318032384319
2024-01-18 16:00:00+00:00,2296.064299799583,2295.6339805973557,2290.49822892129,2292.8938655128923,807.5850870349522
2024-01-18 17:00:00+00:00,2298.2290972404558,2303.1413781691213,2295.1166892578653,2299.63859876974,760.9995388680323
2024-01-18 18:00:00+00:00,2291.7915547134057,2296.9471114938087,2290.943654006966,2295.664014721985,445.9195346717214
2024-01-18 19:00:00+00:00,2298.8374714475863,2300.143187349,2296.739292807185,2299.275873185585,122.67407256330642
2024-01-18 20:00:00+00:00,2306.3006449951395,2308.217044876701,2304.099220795604,2304.6091239152192,855.0975949462096
2024-01-18 21:00:00+00:00,2299.9751512659736,2297.127326265023,2296.3404658844297,2296.976299473654,110.27618510866627
2024-01-18 22:00:00+00:00,2290.126492010029,2293.277768321131,2291.3006703275346,2292.005248092212,733.3298016661458
2024-01-18 23:00:00+00:00,2283.889024157687,2287.427935688722,2281.27056734551,2283.133003897966,973.2313987534513
2024-01-19 00:00:00+00:00,2281.6515744074104,2285.664466654409,2280.395668351345,2282.359578259341,493.8951953333831
2024-01-19 01:00:00+00:00,2285.9330096994754,2291.121159828567,2284.7615115501903,2286.094481664886,311.4760644963575
2024-01-19 02:00:00+00:00,2297.4755947640497,2294.4416562052543,2293.049230387432,2293.432512759418,734.3839090390435
2024-01-19 03:00:00+00:00,2291.932426777133,2295.3830295243783,2293.582897319042,2294.2312010582455,835.4153278140267
2024-01-19 04:00:00+00:00,2302.566050825886,2304.5276734594217,2301.6040842541056,2302.1766151492006,591.7872844700626
2024-01-19 05:00:00+00:00,2297.006087203075,2297.9167063058812,2292.5991826418403,2296.2901143984773,970.3317477305316
2024-01-19 06:00:00+00:00,2290.5951112958282,2289.496290843192,2287.8144347203583,2288.938246065023,146.50184949216498
2024-01-19 07:00:00+00:00,2289.2912838072016,2290.4330082006245,2287.459512832598,2289.14175225545,554.3160384740753
2024-01-19 08:00:00+00:00,2291.829583829192,2294.2926512670374,2289.8401152718357,2291.359014242169,746.6085525902951
2024-01-19 09:00:00+00:00,2291.0691238048,2293.666858077532,2288.9782641209913,2291.6674759941197,876.376424034261
2024-01-19 10:00:00+00:00,2283.0772994996346,2284.15194116563,2282.254535833324,2282.6677479070527,261.33005071701103
2024-01-19 11:00:00+00:00,2282.1951451270206,2282.943809589082,2279.75711824001,2282.7174191172767,820.0031335873133
2024-01-19 12:00:00+00:00,2278.1687494829926,2281.4303182093845,2276.314930632871,2277.2251100727954,597.4363681466907
2024-01-19 13:00:00+00:00,2280.171256417162,2283.1738227058395,2279.2476734826173,2280.733244804521,456.8983137909669
2024-01-19 14:00:00+00:00,2283.436522731712,2286.3451748459943,2281.655851213918,2282.8626104719565,218.5435257211842
2024-01-19 15:00:00+00:00,2278.9867084237817,2280.6080490574445,2277.694827124979,2279.031169000102,878.7661830180211
2024-01-19 16:00:00+00:00,2278.8549718286367,2277.2493243001886,2274.3257675608365,2277.145518307347,241.5458873617438
2024-01-19 17:00:00+00:00,2272.7032973195783,2273.334225762304,2272.7328228053148,2272.7811684443436,378.8090732881893
2024-01-19 18:00:00+00:00,2270.264142198137,2273.499136960941,2272.2488570165974,2272.9508192656003,361.0409787661932
2024-01-19 19:00:00+00:00,2279.6686869645528,2278.5543521430536,2273.875232825955,2277.752457098608,884.2726307717688
2024-01-19 20:00:00+00:00,2272.3481777125935,2276.566751070164,2273.173693890589,2273.721099474558,705.4326947880082
2024-01-19 21:00:00+00:00,2275.4774398513105,2279.7563122611873,2270.5469734070407,2276.469625992931,817.0132574722351
2024-01-19 22:00:00+00:00,2273.608306144651,2274.698385602155,2273.2252735892175,2274.51153179955,325.4211089132491
2024-01-19 23:00:00+00:00,2273.443050965103,2273.899603252795,2267.362490853598,2271.3618201591025,662.386689646299
2024-01-20 00:00:00+00:00,2268.0960029589855,2272.1083257222917,2269.6187960648404,2271.329883401265,614.5713848293739
2024-01-20 01:00:00+00:00,2271.8277291434556,2268.1208651595593,2266.221248023527,2267.0853666202593,849.547339109444
2024-01-20 02:00:00+00:00,2266.6240425200763,2266.319915683772,2262.108048180683,2265.02937605653,915.4783544331344
2024-01-20 03:00:00+00:00,2260.3977367141883,2261.073229774905,2258.53994977411,2260.06138094849,110.94109432964812
2024-01-20 04:00:00+00:00,2269.3304368032886,2270.8720919606926,2269.0992743826546,2269.4134882602375,706.6179271529134
2024-01-20 05:00:00+00:00,2270.459652906626,2273.0447219770545,2267.2483184939665,2270.0275091697713,146.6522192077561
2024-01-20 06:00:00+00:00,2268.094050768546,2267.7519283364913,2266.832434880094,2267.306354639606,593.9727985696204
2024-01-20 07:00:00+00:00,2269.7064592842917,2270.3391175698484,2266.8009773017516,2268.730579064336,358.8694561393104
2024-01-20 08:00:00+00:00,2269.514965549204,2268.878222801395,2267.357622877821,2268.6746417073095,376.0989395699271
2024-01-20 09:00:00+00:00,2268.261280278642,2271.392193824095,2266.7908568940043,2268.1258267741523,417.66265310712095
2024-01-20 10:00:00+00:00,2271.0689626397184,2272.904117075476,2267.5748141038093,2271.367781392996,659.1632041446491
2024-01-20 11:00:00+00:00,2275.037096406536,2279.3641739686523,2274.368571503326,2275.2665544351203,400.6449691018923
2024-01-20 12:00:00+00:00,2273.012996737734,2273.399679229493,2270.5897768276745,2273.308387823455,759.4291455312524
2024-01-20 13:00:00+00:00,2272.862691990446,2274.395552896465,2270.1362960742213,2271.1460536696004,464.07464701648274
2024-01-20 14:00:00+00:00,2271.2494449887467,2270.6418988946925,2267.634283340479,2270.351056900906,161.51788027896276
2024-01-20 15:00:00+00:00,2255.9438517370036,2261.9142039149174,2258.9964340367023,2260.37477192998,805.3838582356965
2024-01-20 16:00:00+00:00,2254.971687199811,2255.8808919159637,2253.684020217423,2253.9860930473333,357.1824921334354
2024-01-20 17:00:00+00:00,2260.901912354933,2262.083758102328,2260.575226575715,2260.6084308325535,489.4901916393364
2024-01-20 18:00:00+00:00,2268.4832969992153,2269.5237633097518,2266.731040098784,2268.511591019783,716.8994948997114
2024-01-20 19:00:00+00:00,2267.2481145219213,2272.120679389195,2266.3653184290406,2267.835511818529,399.21054143384083
2024-01-20 20:00:00+00:00,2272.6080650630893,2271.9333739157073,2270.631566774034,2270.9062286780545,150.92709053204408
2024-01-20 21:00:00+00:00,2274.2104942937985,2278.2837500010864,2271.821315331508,2272.774818105398,436.5289423115322
2024-01-20 22:00:00+00:00,2286.0920899251314,2290.8934245525793,2285.2406754000003,2287.2706101750473,950.0037244248731
2024-01-20 23:00:00+00:00,2293.4786237158996,2294.5999370399886,2291.8533863468965,2292.8564154172705,677.5609575687024
2024-01-21 00:00:00+00:00,2291.2432336089087,2294.530023271866,2291.0721726813044,2292.728396933812,704.3312338004862
2024-01-21 01:00:00+00:00,2286.7035862379253,2289.7824985892307,2287.9553638520993,2288.8087076170955,669.0539382738758
2024-01-21 02:00:00+00:00,2280.969736941197,2284.1297158841135,2277.9823518445505,2281.9231506369933,279.0929250634931
2024-01-21 03:00:00+00:00,2284.6212726487615,2283.417472146148,2282.3960396871075,2283.308532399577,476.50047769205213
2024-01-21 04:00:00+00:00,2281.762145386006,2280.3214112243004,2279.8008447617312,2280.3131963068718,775.8458185269865
2024-01-21 05:00:00+00:00,2275.068794697195,2276.925315932952,2272.169874907513,2274.2908577104267,191.23560779784322
2024-01-21 06:00:00+00:00,2272.9042693203737,2275.2215140496273,2268.5838327377132,2271.8060846400354,350.06749848074105
2024-01-21 07:00:00+00:00,2268.130923933602,2269.33997379598,2263.358314737328,2267.3506858047435,348.68719761926826
2024-01-21 08:00:00+00:00,2274.49622550207,2275.972137172908,2271.99775580299,2275.4693399701264,488.8170348350554
2024-01-21 09:00:00+00:00,2280.5976158519948,2280.0024086708286,2277.062493138294,2279.9411105412137,982.3318668479666
2024-01-21 10:00:00+00:00,2281.577598072585,2280.835971061209,2279.1023474043823,2280.3607830780975,160.75229201543976
2024-01-21 11:00:00+00:00,2288.7281983999483,2292.248492457875,2281.725784906668,2287.577864966737,566.8308949425355
2024-01-21 12:00:00+00:00,2290.2032944593775,2288.9551346709313,2287.0982782667693,2288.3894965449877,261.4282138109894
2024-01-21 13:00:00+00:00,2285.9868575270766,2286.4661893560956,2284.486235413814,2284.9079181477937,973.6088908687697
2024-01-21 14:00:00+00:00,2292.874440525006,2294.6333995813143,2288.802312383548,2292.337348623503,201.97315425471777
2024-01-21 15:00:00+00:00,2296.9059369852403,2295.913616247804,2290.663893978921,2295.26841562392,463.2409021254321
2024-01-21 16:00:00+00:00,2290.9294763084426,2295.088428452105,2286.247139767945,2290.9699825810026,764.0964863511456
2024-01-21 17:00:00+00:00,2289.2094380020458,2292.023980093701,2287.7882629400506,2290.5560935728035,734.0989852247008
2024-01-21 18:00:00+00:00,2286.757030458483,2288.311943416465,2284.6636170510646,2287.0056538374783,480.455773204539
2024-01-21 19:00:00+00:00,2280.012812865173,2282.451778520733,2279.793993545964,2281.1456338090484,411.8717511574464
